{
  "entityType" : "DEVICE_PROFILE",
  "entity" : {
    "default" : false,
    "defaultDashboardId" : null,
    "defaultEdgeRuleChainId" : null,
    "defaultQueueName" : null,
    "defaultRuleChainId" : null,
    "description" : "",
    "externalId" : null,
    "firmwareId" : null,
    "id" : {
      "entityType" : "DEVICE_PROFILE",
      "id" : "65e95d60-279f-11ee-abdf-83901eaa66aa"
    },
    "image" : null,
    "name" : "people-counter",
    "profileData" : {
      "alarms" : null,
      "configuration" : {
        "type" : "DEFAULT"
      },
      "provisionConfiguration" : {
        "type" : "DISABLED",
        "provisionDeviceSecret" : null
      },
      "transportConfiguration" : {
        "type" : "DEFAULT"
      }
    },
    "provisionDeviceKey" : null,
    "provisionType" : "DISABLED",
    "softwareId" : null,
    "transportType" : "DEFAULT",
    "type" : "DEFAULT"
  },
  "relations" : [ ],
  "attributes" : {
    "SERVER_SCOPE" : [ ]
  }
}