{
  "entityType" : "DEVICE_PROFILE",
  "entity" : {
    "default" : false,
    "defaultDashboardId" : null,
    "defaultEdgeRuleChainId" : null,
    "defaultQueueName" : null,
    "defaultRuleChainId" : null,
    "description" : "Default device profile",
    "externalId" : null,
    "firmwareId" : null,
    "id" : {
      "entityType" : "DEVICE_PROFILE",
      "id" : "6ade7030-279f-11ee-abdf-83901eaa66aa"
    },
    "image" : null,
    "name" : "smart-sensor",
    "profileData" : {
      "alarms" : [ {
        "alarmType" : "High Temperature",
        "clearRule" : {
          "alarmDetails" : "${temperature} °C",
          "condition" : {
            "condition" : [ {
              "key" : {
                "key" : "temperature",
                "type" : "TIME_SERIES"
              },
              "predicate" : {
                "type" : "NUMERIC",
                "operation" : "LESS_OR_EQUAL",
                "value" : {
                  "defaultValue" : 23.5,
                  "dynamicValue" : null,
                  "userValue" : null
                }
              },
              "value" : null,
              "valueType" : "NUMERIC"
            } ],
            "spec" : {
              "type" : "SIMPLE"
            }
          },
          "dashboardId" : null,
          "schedule" : null
        },
        "createRules" : {
          "CRITICAL" : {
            "alarmDetails" : "${temperature} °C",
            "condition" : {
              "condition" : [ {
                "key" : {
                  "key" : "temperature",
                  "type" : "TIME_SERIES"
                },
                "predicate" : {
                  "type" : "NUMERIC",
                  "operation" : "GREATER",
                  "value" : {
                    "defaultValue" : 25.5,
                    "dynamicValue" : null,
                    "userValue" : null
                  }
                },
                "value" : null,
                "valueType" : "NUMERIC"
              } ],
              "spec" : {
                "type" : "SIMPLE"
              }
            },
            "dashboardId" : null,
            "schedule" : null
          }
        },
        "id" : "62e96619-b5c1-2855-76e9-2135a9f89129",
        "propagate" : false,
        "propagateRelationTypes" : null,
        "propagateToOwner" : false,
        "propagateToTenant" : false
      } ],
      "configuration" : {
        "type" : "DEFAULT"
      },
      "provisionConfiguration" : {
        "type" : "DISABLED",
        "provisionDeviceSecret" : null
      },
      "transportConfiguration" : {
        "type" : "DEFAULT"
      }
    },
    "provisionDeviceKey" : null,
    "provisionType" : "DISABLED",
    "softwareId" : null,
    "transportType" : "DEFAULT",
    "type" : "DEFAULT"
  },
  "relations" : [ ],
  "attributes" : {
    "SERVER_SCOPE" : [ ]
  }
}