{
  "entityType" : "DEVICE_PROFILE",
  "entity" : {
    "default" : false,
    "defaultDashboardId" : null,
    "defaultEdgeRuleChainId" : null,
    "defaultQueueName" : null,
    "defaultRuleChainId" : {
      "entityType" : "RULE_CHAIN",
      "id" : "e8618800-2081-11ee-87f2-35e1aee67668"
    },
    "description" : "Thermostat device profile",
    "externalId" : null,
    "firmwareId" : null,
    "id" : {
      "entityType" : "DEVICE_PROFILE",
      "id" : "e8f367c0-2081-11ee-87f2-35e1aee67668"
    },
    "image" : null,
    "name" : "thermostat",
    "profileData" : {
      "alarms" : [ {
        "alarmType" : "High Temperature",
        "clearRule" : {
          "alarmDetails" : "Current temperature = ${temperature}",
          "condition" : {
            "condition" : [ {
              "key" : {
                "key" : "temperature",
                "type" : "TIME_SERIES"
              },
              "predicate" : {
                "type" : "NUMERIC",
                "operation" : "LESS_OR_EQUAL",
                "value" : {
                  "defaultValue" : 25.0,
                  "dynamicValue" : {
                    "inherit" : false,
                    "sourceAttribute" : "temperatureAlarmThreshold",
                    "sourceType" : "CURRENT_DEVICE"
                  },
                  "userValue" : null
                }
              },
              "value" : null,
              "valueType" : "NUMERIC"
            } ],
            "spec" : {
              "type" : "SIMPLE"
            }
          },
          "dashboardId" : null,
          "schedule" : null
        },
        "createRules" : {
          "MAJOR" : {
            "alarmDetails" : "Current temperature = ${temperature}",
            "condition" : {
              "condition" : [ {
                "key" : {
                  "key" : "temperatureAlarmFlag",
                  "type" : "ATTRIBUTE"
                },
                "predicate" : {
                  "type" : "BOOLEAN",
                  "operation" : "EQUAL",
                  "value" : {
                    "defaultValue" : true,
                    "dynamicValue" : null,
                    "userValue" : null
                  }
                },
                "value" : null,
                "valueType" : "BOOLEAN"
              }, {
                "key" : {
                  "key" : "temperature",
                  "type" : "TIME_SERIES"
                },
                "predicate" : {
                  "type" : "NUMERIC",
                  "operation" : "GREATER",
                  "value" : {
                    "defaultValue" : 25.0,
                    "dynamicValue" : {
                      "inherit" : false,
                      "sourceAttribute" : "temperatureAlarmThreshold",
                      "sourceType" : "CURRENT_DEVICE"
                    },
                    "userValue" : null
                  }
                },
                "value" : null,
                "valueType" : "NUMERIC"
              } ],
              "spec" : {
                "type" : "SIMPLE"
              }
            },
            "dashboardId" : null,
            "schedule" : null
          }
        },
        "id" : "highTemperatureAlarmID",
        "propagate" : false,
        "propagateRelationTypes" : null,
        "propagateToOwner" : false,
        "propagateToTenant" : false
      }, {
        "alarmType" : "Low Humidity",
        "clearRule" : {
          "alarmDetails" : "Current humidity = ${humidity}",
          "condition" : {
            "condition" : [ {
              "key" : {
                "key" : "humidity",
                "type" : "TIME_SERIES"
              },
              "predicate" : {
                "type" : "NUMERIC",
                "operation" : "GREATER_OR_EQUAL",
                "value" : {
                  "defaultValue" : 60.0,
                  "dynamicValue" : {
                    "inherit" : false,
                    "sourceAttribute" : "humidityAlarmThreshold",
                    "sourceType" : "CURRENT_DEVICE"
                  },
                  "userValue" : null
                }
              },
              "value" : null,
              "valueType" : "NUMERIC"
            } ],
            "spec" : {
              "type" : "SIMPLE"
            }
          },
          "dashboardId" : null,
          "schedule" : null
        },
        "createRules" : {
          "MINOR" : {
            "alarmDetails" : "Current humidity = ${humidity}",
            "condition" : {
              "condition" : [ {
                "key" : {
                  "key" : "humidityAlarmFlag",
                  "type" : "ATTRIBUTE"
                },
                "predicate" : {
                  "type" : "BOOLEAN",
                  "operation" : "EQUAL",
                  "value" : {
                    "defaultValue" : true,
                    "dynamicValue" : null,
                    "userValue" : null
                  }
                },
                "value" : null,
                "valueType" : "BOOLEAN"
              }, {
                "key" : {
                  "key" : "humidity",
                  "type" : "TIME_SERIES"
                },
                "predicate" : {
                  "type" : "NUMERIC",
                  "operation" : "LESS",
                  "value" : {
                    "defaultValue" : 60.0,
                    "dynamicValue" : {
                      "inherit" : false,
                      "sourceAttribute" : "humidityAlarmThreshold",
                      "sourceType" : "CURRENT_DEVICE"
                    },
                    "userValue" : null
                  }
                },
                "value" : null,
                "valueType" : "NUMERIC"
              } ],
              "spec" : {
                "type" : "SIMPLE"
              }
            },
            "dashboardId" : null,
            "schedule" : null
          }
        },
        "id" : "lowHumidityAlarmID",
        "propagate" : false,
        "propagateRelationTypes" : null,
        "propagateToOwner" : false,
        "propagateToTenant" : false
      } ],
      "configuration" : {
        "type" : "DEFAULT"
      },
      "provisionConfiguration" : {
        "type" : "DISABLED",
        "provisionDeviceSecret" : null
      },
      "transportConfiguration" : {
        "type" : "DEFAULT"
      }
    },
    "provisionDeviceKey" : null,
    "provisionType" : "DISABLED",
    "softwareId" : null,
    "transportType" : "DEFAULT",
    "type" : "DEFAULT"
  },
  "relations" : [ ],
  "attributes" : {
    "SERVER_SCOPE" : [ ]
  }
}