{
  "entityType" : "DEVICE",
  "entity" : {
    "additionalInfo" : {
      "gateway" : false,
      "overwriteActivityTime" : false,
      "description" : ""
    },
    "customerId" : {
      "entityType" : "CUSTOMER",
      "id" : "13814000-1dd2-11b2-8080-808080808080"
    },
    "deviceData" : {
      "configuration" : {
        "type" : "DEFAULT"
      },
      "transportConfiguration" : {
        "type" : "DEFAULT"
      }
    },
    "deviceProfileId" : {
      "entityType" : "DEVICE_PROFILE",
      "id" : "e7f8b410-2081-11ee-87f2-35e1aee67668"
    },
    "externalId" : null,
    "firmwareId" : null,
    "id" : {
      "entityType" : "DEVICE",
      "id" : "0a0f4960-3dab-11ee-9409-573c7cb17405"
    },
    "label" : "",
    "name" : "Energy Meter Beta Retail Space",
    "ownerId" : null,
    "softwareId" : null,
    "type" : "default"
  },
  "credentials" : {
    "credentialsId" : "CbqfgLn0ERh3XI6AyWRM",
    "credentialsType" : "ACCESS_TOKEN",
    "credentialsValue" : null
  },
  "relations" : [ ],
  "attributes" : {
    "SERVER_SCOPE" : [ ],
    "SHARED_SCOPE" : [ ]
  }
}