{
  "entityType" : "DEVICE",
  "entity" : {
    "additionalInfo" : {
      "gateway" : false,
      "overwriteActivityTime" : false,
      "description" : ""
    },
    "customerId" : {
      "entityType" : "CUSTOMER",
      "id" : "13814000-1dd2-11b2-8080-808080808080"
    },
    "deviceData" : {
      "configuration" : {
        "type" : "DEFAULT"
      },
      "transportConfiguration" : {
        "type" : "DEFAULT"
      }
    },
    "deviceProfileId" : {
      "entityType" : "DEVICE_PROFILE",
      "id" : "6ade7030-279f-11ee-abdf-83901eaa66aa"
    },
    "externalId" : null,
    "firmwareId" : null,
    "id" : {
      "entityType" : "DEVICE",
      "id" : "58deef80-27a0-11ee-abdf-83901eaa66aa"
    },
    "label" : "",
    "name" : "SmartSensor",
    "softwareId" : null,
    "type" : "smart-sensor"
  },
  "credentials" : {
    "credentialsId" : "a5Loa7gM07L9ZauX9bmK",
    "credentialsType" : "ACCESS_TOKEN",
    "credentialsValue" : null
  },
  "relations" : [ ],
  "attributes" : {
    "SERVER_SCOPE" : [ {
      "booleanValue" : false,
      "doubleValue" : null,
      "jsonValue" : null,
      "key" : "active",
      "lastUpdateTs" : 1689928013508,
      "longValue" : null,
      "strValue" : null
    }, {
      "booleanValue" : null,
      "doubleValue" : null,
      "jsonValue" : null,
      "key" : "type",
      "lastUpdateTs" : 1689928082740,
      "longValue" : null,
      "strValue" : "smart-sensor"
    }, {
      "booleanValue" : null,
      "doubleValue" : 0.25,
      "jsonValue" : null,
      "key" : "xPos",
      "lastUpdateTs" : 1689928099030,
      "longValue" : null,
      "strValue" : null
    }, {
      "booleanValue" : null,
      "doubleValue" : 0.67,
      "jsonValue" : null,
      "key" : "yPos",
      "lastUpdateTs" : 1689928110990,
      "longValue" : null,
      "strValue" : null
    } ],
    "SHARED_SCOPE" : [ ]
  }
}