{
  "entityType" : "ASSET_PROFILE",
  "entity" : {
    "default" : false,
    "defaultDashboardId" : null,
    "defaultEdgeRuleChainId" : null,
    "defaultQueueName" : null,
    "defaultRuleChainId" : null,
    "description" : "Default asset profile",
    "externalId" : null,
    "id" : {
      "entityType" : "ASSET_PROFILE",
      "id" : "54727830-27a1-11ee-abdf-83901eaa66aa"
    },
    "image" : null,
    "name" : "office"
  },
  "relations" : [ ],
  "attributes" : {
    "SERVER_SCOPE" : [ ]
  }
}