{
  "entityType" : "RULE_CHAIN",
  "entity" : {
    "additionalInfo" : null,
    "configuration" : null,
    "debugMode" : false,
    "externalId" : {
      "entityType" : "RULE_CHAIN",
      "id" : "e849e150-2081-11ee-87f2-35e1aee67668"
    },
    "firstRuleNodeId" : {
      "entityType" : "RULE_NODE",
      "id" : "94d79400-2b9d-11ee-ad4a-cfdc96421c35"
    },
    "id" : {
      "entityType" : "RULE_CHAIN",
      "id" : "e849e150-2081-11ee-87f2-35e1aee67668"
    },
    "name" : "Root Rule Chain",
    "root" : true,
    "type" : "CORE"
  },
  "metaData" : {
    "connections" : [ {
      "fromIndex" : 0,
      "toIndex" : 7,
      "type" : "Success"
    }, {
      "fromIndex" : 2,
      "toIndex" : 0,
      "type" : "Post telemetry"
    }, {
      "fromIndex" : 2,
      "toIndex" : 1,
      "type" : "Post attributes"
    }, {
      "fromIndex" : 2,
      "toIndex" : 3,
      "type" : "RPC Request from Device"
    }, {
      "fromIndex" : 2,
      "toIndex" : 4,
      "type" : "Other"
    }, {
      "fromIndex" : 2,
      "toIndex" : 5,
      "type" : "RPC Request to Device"
    }, {
      "fromIndex" : 6,
      "toIndex" : 2,
      "type" : "Success"
    } ],
    "firstNodeIndex" : 6,
    "nodes" : [ {
      "additionalInfo" : {
        "layoutX" : 824,
        "layoutY" : 156
      },
      "configuration" : {
        "defaultTTL" : 0
      },
      "createdTime" : 0,
      "debugMode" : false,
      "externalId" : null,
      "id" : {
        "entityType" : "RULE_NODE",
        "id" : "94d5bf40-2b9d-11ee-ad4a-cfdc96421c35"
      },
      "name" : "Save Timeseries",
      "ruleChainId" : null,
      "singletonMode" : false,
      "type" : "org.thingsboard.rule.engine.telemetry.TbMsgTimeseriesNode"
    }, {
      "additionalInfo" : {
        "layoutX" : 825,
        "layoutY" : 52
      },
      "configuration" : {
        "scope" : "CLIENT_SCOPE",
        "notifyDevice" : "false"
      },
      "createdTime" : 0,
      "debugMode" : false,
      "externalId" : null,
      "id" : {
        "entityType" : "RULE_NODE",
        "id" : "94d60d60-2b9d-11ee-ad4a-cfdc96421c35"
      },
      "name" : "Save Client Attributes",
      "ruleChainId" : null,
      "singletonMode" : false,
      "type" : "org.thingsboard.rule.engine.telemetry.TbMsgAttributesNode"
    }, {
      "additionalInfo" : {
        "layoutX" : 502,
        "layoutY" : 205
      },
      "configuration" : {
        "version" : 0
      },
      "createdTime" : 0,
      "debugMode" : false,
      "externalId" : null,
      "id" : {
        "entityType" : "RULE_NODE",
        "id" : "94d63470-2b9d-11ee-ad4a-cfdc96421c35"
      },
      "name" : "Message Type Switch",
      "ruleChainId" : null,
      "singletonMode" : false,
      "type" : "org.thingsboard.rule.engine.filter.TbMsgTypeSwitchNode"
    }, {
      "additionalInfo" : {
        "layoutX" : 825,
        "layoutY" : 266
      },
      "configuration" : {
        "scriptLang" : "TBEL",
        "jsScript" : "return '\\nIncoming message:\\n' + JSON.stringify(msg) + '\\nIncoming metadata:\\n' + JSON.stringify(metadata);",
        "tbelScript" : "return '\\nIncoming message:\\n' + JSON.stringify(msg) + '\\nIncoming metadata:\\n' + JSON.stringify(metadata);"
      },
      "createdTime" : 0,
      "debugMode" : false,
      "externalId" : null,
      "id" : {
        "entityType" : "RULE_NODE",
        "id" : "94d68290-2b9d-11ee-ad4a-cfdc96421c35"
      },
      "name" : "Log RPC from Device",
      "ruleChainId" : null,
      "singletonMode" : false,
      "type" : "org.thingsboard.rule.engine.action.TbLogNode"
    }, {
      "additionalInfo" : {
        "layoutX" : 825,
        "layoutY" : 379
      },
      "configuration" : {
        "scriptLang" : "TBEL",
        "jsScript" : "return '\\nIncoming message:\\n' + JSON.stringify(msg) + '\\nIncoming metadata:\\n' + JSON.stringify(metadata);",
        "tbelScript" : "return '\\nIncoming message:\\n' + JSON.stringify(msg) + '\\nIncoming metadata:\\n' + JSON.stringify(metadata);"
      },
      "createdTime" : 0,
      "debugMode" : false,
      "externalId" : null,
      "id" : {
        "entityType" : "RULE_NODE",
        "id" : "94d6d0b0-2b9d-11ee-ad4a-cfdc96421c35"
      },
      "name" : "Log Other",
      "ruleChainId" : null,
      "singletonMode" : false,
      "type" : "org.thingsboard.rule.engine.action.TbLogNode"
    }, {
      "additionalInfo" : {
        "layoutX" : 825,
        "layoutY" : 468
      },
      "configuration" : {
        "timeoutInSeconds" : 60
      },
      "createdTime" : 0,
      "debugMode" : false,
      "externalId" : null,
      "id" : {
        "entityType" : "RULE_NODE",
        "id" : "94d745e0-2b9d-11ee-ad4a-cfdc96421c35"
      },
      "name" : "RPC Call Request",
      "ruleChainId" : null,
      "singletonMode" : false,
      "type" : "org.thingsboard.rule.engine.rpc.TbSendRPCRequestNode"
    }, {
      "additionalInfo" : {
        "description" : "Process incoming messages from devices with the alarm rules defined in the device profile. Dispatch all incoming messages with \"Success\" relation type.",
        "layoutX" : 204,
        "layoutY" : 240
      },
      "configuration" : {
        "persistAlarmRulesState" : false,
        "fetchAlarmRulesStateOnStart" : false
      },
      "createdTime" : 0,
      "debugMode" : false,
      "externalId" : null,
      "id" : {
        "entityType" : "RULE_NODE",
        "id" : "94d79400-2b9d-11ee-ad4a-cfdc96421c35"
      },
      "name" : "Device Profile Node",
      "ruleChainId" : null,
      "singletonMode" : false,
      "type" : "org.thingsboard.rule.engine.profile.TbDeviceProfileNode"
    }, {
      "additionalInfo" : {
        "description" : "",
        "layoutX" : 1137,
        "layoutY" : 159
      },
      "configuration" : {
        "ruleChainId" : "a7f7e200-35e4-11ee-a67f-cfdc96421c35"
      },
      "createdTime" : 0,
      "debugMode" : false,
      "externalId" : null,
      "id" : {
        "entityType" : "RULE_NODE",
        "id" : "fed19df0-35e4-11ee-a67f-cfdc96421c35"
      },
      "name" : "Alarm notification",
      "ruleChainId" : null,
      "singletonMode" : false,
      "type" : "org.thingsboard.rule.engine.flow.TbRuleChainInputNode"
    } ],
    "ruleChainConnections" : null
  },
  "relations" : [ ],
  "attributes" : {
    "SERVER_SCOPE" : [ ]
  }
}