{
  "entityType" : "RULE_CHAIN",
  "entity" : {
    "additionalInfo" : {
      "description" : ""
    },
    "configuration" : null,
    "debugMode" : false,
    "externalId" : null,
    "firstRuleNodeId" : {
      "entityType" : "RULE_NODE",
      "id" : "e8666a00-2081-11ee-87f2-35e1aee67668"
    },
    "id" : {
      "entityType" : "RULE_CHAIN",
      "id" : "e8618800-2081-11ee-87f2-35e1aee67668"
    },
    "name" : "Thermostat",
    "root" : false,
    "type" : "CORE"
  },
  "metaData" : {
    "connections" : [ {
      "fromIndex" : 2,
      "toIndex" : 0,
      "type" : "Post telemetry"
    }, {
      "fromIndex" : 2,
      "toIndex" : 1,
      "type" : "Post attributes"
    }, {
      "fromIndex" : 2,
      "toIndex" : 3,
      "type" : "RPC Request from Device"
    }, {
      "fromIndex" : 2,
      "toIndex" : 4,
      "type" : "Other"
    }, {
      "fromIndex" : 2,
      "toIndex" : 5,
      "type" : "RPC Request to Device"
    }, {
      "fromIndex" : 6,
      "toIndex" : 2,
      "type" : "Success"
    } ],
    "firstNodeIndex" : 6,
    "nodes" : [ {
      "additionalInfo" : {
        "layoutX" : 822,
        "layoutY" : 294
      },
      "configuration" : {
        "defaultTTL" : 0
      },
      "createdTime" : 0,
      "debugMode" : false,
      "externalId" : null,
      "id" : {
        "entityType" : "RULE_NODE",
        "id" : "e8635cc0-2081-11ee-87f2-35e1aee67668"
      },
      "name" : "Save Timeseries",
      "ruleChainId" : null,
      "singletonMode" : false,
      "type" : "org.thingsboard.rule.engine.telemetry.TbMsgTimeseriesNode"
    }, {
      "additionalInfo" : {
        "layoutX" : 824,
        "layoutY" : 221
      },
      "configuration" : {
        "scope" : "CLIENT_SCOPE"
      },
      "createdTime" : 0,
      "debugMode" : false,
      "externalId" : null,
      "id" : {
        "entityType" : "RULE_NODE",
        "id" : "e863d1f0-2081-11ee-87f2-35e1aee67668"
      },
      "name" : "Save Client Attributes",
      "ruleChainId" : null,
      "singletonMode" : false,
      "type" : "org.thingsboard.rule.engine.telemetry.TbMsgAttributesNode"
    }, {
      "additionalInfo" : {
        "layoutX" : 494,
        "layoutY" : 309
      },
      "configuration" : {
        "version" : 0
      },
      "createdTime" : 0,
      "debugMode" : false,
      "externalId" : null,
      "id" : {
        "entityType" : "RULE_NODE",
        "id" : "e8644720-2081-11ee-87f2-35e1aee67668"
      },
      "name" : "Message Type Switch",
      "ruleChainId" : null,
      "singletonMode" : false,
      "type" : "org.thingsboard.rule.engine.filter.TbMsgTypeSwitchNode"
    }, {
      "additionalInfo" : {
        "layoutX" : 824,
        "layoutY" : 383
      },
      "configuration" : {
        "scriptLang" : "TBEL",
        "jsScript" : "return '\\nIncoming message:\\n' + JSON.stringify(msg) + '\\nIncoming metadata:\\n' + JSON.stringify(metadata);",
        "tbelScript" : "return '\\nIncoming message:\\n' + JSON.stringify(msg) + '\\nIncoming metadata:\\n' + JSON.stringify(metadata);"
      },
      "createdTime" : 0,
      "debugMode" : false,
      "externalId" : null,
      "id" : {
        "entityType" : "RULE_NODE",
        "id" : "e864bc50-2081-11ee-87f2-35e1aee67668"
      },
      "name" : "Log RPC from Device",
      "ruleChainId" : null,
      "singletonMode" : false,
      "type" : "org.thingsboard.rule.engine.action.TbLogNode"
    }, {
      "additionalInfo" : {
        "layoutX" : 823,
        "layoutY" : 444
      },
      "configuration" : {
        "scriptLang" : "TBEL",
        "jsScript" : "return '\\nIncoming message:\\n' + JSON.stringify(msg) + '\\nIncoming metadata:\\n' + JSON.stringify(metadata);",
        "tbelScript" : "return '\\nIncoming message:\\n' + JSON.stringify(msg) + '\\nIncoming metadata:\\n' + JSON.stringify(metadata);"
      },
      "createdTime" : 0,
      "debugMode" : false,
      "externalId" : null,
      "id" : {
        "entityType" : "RULE_NODE",
        "id" : "e8655890-2081-11ee-87f2-35e1aee67668"
      },
      "name" : "Log Other",
      "ruleChainId" : null,
      "singletonMode" : false,
      "type" : "org.thingsboard.rule.engine.action.TbLogNode"
    }, {
      "additionalInfo" : {
        "layoutX" : 822,
        "layoutY" : 507
      },
      "configuration" : {
        "timeoutInSeconds" : 60
      },
      "createdTime" : 0,
      "debugMode" : false,
      "externalId" : null,
      "id" : {
        "entityType" : "RULE_NODE",
        "id" : "e865f4d0-2081-11ee-87f2-35e1aee67668"
      },
      "name" : "RPC Call Request",
      "ruleChainId" : null,
      "singletonMode" : false,
      "type" : "org.thingsboard.rule.engine.rpc.TbSendRPCRequestNode"
    }, {
      "additionalInfo" : {
        "description" : "",
        "layoutX" : 209,
        "layoutY" : 307
      },
      "configuration" : {
        "persistAlarmRulesState" : false,
        "fetchAlarmRulesStateOnStart" : false
      },
      "createdTime" : 0,
      "debugMode" : false,
      "externalId" : null,
      "id" : {
        "entityType" : "RULE_NODE",
        "id" : "e8666a00-2081-11ee-87f2-35e1aee67668"
      },
      "name" : "Device Profile Node",
      "ruleChainId" : null,
      "singletonMode" : false,
      "type" : "org.thingsboard.rule.engine.profile.TbDeviceProfileNode"
    } ],
    "ruleChainConnections" : null
  },
  "relations" : [ ],
  "attributes" : {
    "SERVER_SCOPE" : [ ]
  }
}